{"mean":{"confidence_interval":{"confidence_level":0.95,"lower_bound":0.039578209091934796,"upper_bound":0.228496326010025},"point_estimate":0.128781144155798,"standard_error":0.04838697037013353},"median":{"confidence_interval":{"confidence_level":0.95,"lower_bound":-0.017189301214865282,"upper_bound":0.25750876457626304},"point_estimate":0.09879233865686987,"standard_error":0.06968487016640222}}