{"mean":{"confidence_interval":{"confidence_level":0.95,"lower_bound":-0.09329637166052869,"upper_bound":0.08652138360336452},"point_estimate":-0.006014062133127718,"standard_error":0.04580057493600053},"median":{"confidence_interval":{"confidence_level":0.95,"lower_bound":-0.12743499408022485,"upper_bound":0.11133285205845422},"point_estimate":-0.010602912746200732,"standard_error":0.04429699809980563}}