{"mean":{"confidence_interval":{"confidence_level":0.95,"lower_bound":1710521.1152249998,"upper_bound":1931458.7022250006},"point_estimate":1820596.897999999,"standard_error":56344.317458156125},"median":{"confidence_interval":{"confidence_level":0.95,"lower_bound":1627746.35,"upper_bound":1920854.4249999998},"point_estimate":1877000.775,"standard_error":108070.59909933805},"median_abs_dev":{"confidence_interval":{"confidence_level":0.95,"lower_bound":422447.85000830155,"upper_bound":779403.8810478149},"point_estimate":628376.4255040884,"standard_error":118881.63967924268},"slope":null,"std_dev":{"confidence_interval":{"confidence_level":0.95,"lower_bound":491875.16517371865,"upper_bound":631116.2680809052},"point_estimate":564989.1935014394,"standard_error":35712.35076766519}}