{"mean":{"confidence_interval":{"confidence_level":0.95,"lower_bound":-0.04370598270272324,"upper_bound":0.0806446828993477},"point_estimate":0.016555498863772833,"standard_error":0.031552199893773336},"median":{"confidence_interval":{"confidence_level":0.95,"lower_bound":-0.0827372231751391,"upper_bound":0.09019478261711833},"point_estimate":0.04245404690255472,"standard_error":0.046670521729095006}}