{"mean":{"confidence_interval":{"confidence_level":0.95,"lower_bound":5307650.584000003,"upper_bound":5421927.607050001},"point_estimate":5363659.913,"standard_error":29138.047195299543},"median":{"confidence_interval":{"confidence_level":0.95,"lower_bound":5172396.2,"upper_bound":5224660.6},"point_estimate":5192753.949999999,"standard_error":16564.014010894407},"median_abs_dev":{"confidence_interval":{"confidence_level":0.95,"lower_bound":65579.251595735,"upper_bound":169266.808134914},"point_estimate":102446.39797121203,"standard_error":29893.573365056112},"slope":null,"std_dev":{"confidence_interval":{"confidence_level":0.95,"lower_bound":256530.8154631214,"upper_bound":322380.49238203507},"point_estimate":293457.7492065911,"standard_error":16806.727029246045}}