{"mean":{"confidence_interval":{"confidence_level":0.95,"lower_bound":1991657.5777777776,"upper_bound":2238651.0043611103},"point_estimate":2115222.1827777764,"standard_error":62840.357724135516},"median":{"confidence_interval":{"confidence_level":0.95,"lower_bound":1849396.888888889,"upper_bound":2375703.5555555555},"point_estimate":2105990.25,"standard_error":85150.80228889274},"median_abs_dev":{"confidence_interval":{"confidence_level":0.95,"lower_bound":482769.9608591198,"upper_bound":873580.3981408478},"point_estimate":835109.9352071682,"standard_error":133633.78072528972},"slope":null,"std_dev":{"confidence_interval":{"confidence_level":0.95,"lower_bound":554820.1972044319,"upper_bound":703460.6122360313},"point_estimate":633651.5213444743,"standard_error":37855.62034161881}}