{"mean":{"confidence_interval":{"confidence_level":0.95,"lower_bound":1660414.5116666663,"upper_bound":1866206.6138690473},"point_estimate":1761930.32,"standard_error":52261.08686001942},"median":{"confidence_interval":{"confidence_level":0.95,"lower_bound":1676583.619047619,"upper_bound":1909666.0476190476},"point_estimate":1698766.619047619,"standard_error":75616.6131626285},"median_abs_dev":{"confidence_interval":{"confidence_level":0.95,"lower_bound":369007.3891388096,"upper_bound":701064.3415536201},"point_estimate":636905.5689926663,"standard_error":108614.05313786557},"slope":null,"std_dev":{"confidence_interval":{"confidence_level":0.95,"lower_bound":458551.9422805382,"upper_bound":584087.6237242699},"point_estimate":525393.2650348424,"standard_error":31986.668344454578}}