{"mean":{"confidence_interval":{"confidence_level":0.95,"lower_bound":5453443.8900000015,"upper_bound":5573937.705475},"point_estimate":5512870.185000001,"standard_error":30807.34928609048},"median":{"confidence_interval":{"confidence_level":0.95,"lower_bound":5328155.55,"upper_bound":5544539.949999999},"point_estimate":5444889.35,"standard_error":57411.46475278433},"median_abs_dev":{"confidence_interval":{"confidence_level":0.95,"lower_bound":223731.52663797222,"upper_bound":434274.2886900902},"point_estimate":341757.9005625841,"standard_error":55579.82981590798},"slope":null,"std_dev":{"confidence_interval":{"confidence_level":0.95,"lower_bound":274003.3847947016,"upper_bound":342621.0146095905},"point_estimate":310685.87651091383,"standard_error":17437.44962185612}}