{"mean":{"confidence_interval":{"confidence_level":0.95,"lower_bound":5414130.8599999985,"upper_bound":5525611.842949998},"point_estimate":5468651.680999998,"standard_error":28350.407520208133},"median":{"confidence_interval":{"confidence_level":0.95,"lower_bound":5296320.7,"upper_bound":5421516.3},"point_estimate":5336844.75,"standard_error":29780.62622112361},"median_abs_dev":{"confidence_interval":{"confidence_level":0.95,"lower_bound":125817.65917629086,"upper_bound":288714.77304428775},"point_estimate":184323.05564761188,"standard_error":41606.29836339567},"slope":null,"std_dev":{"confidence_interval":{"confidence_level":0.95,"lower_bound":245208.66206310966,"upper_bound":316026.78594891995},"point_estimate":284351.7215765092,"standard_error":18137.69471251995}}