{"mean":{"confidence_interval":{"confidence_level":0.95,"lower_bound":1633391.0717500004,"upper_bound":1868707.5745124994},"point_estimate":1750336.9409999996,"standard_error":60020.879863738075},"median":{"confidence_interval":{"confidence_level":0.95,"lower_bound":1578723.95,"upper_bound":1847468.45},"point_estimate":1781394.275,"standard_error":84128.44546847542},"median_abs_dev":{"confidence_interval":{"confidence_level":0.95,"lower_bound":406167.89968907833,"upper_bound":750818.278670311},"point_estimate":622422.8599847853,"standard_error":99400.65754402899},"slope":null,"std_dev":{"confidence_interval":{"confidence_level":0.95,"lower_bound":495718.4001715924,"upper_bound":714202.5147959101},"point_estimate":603057.0291128203,"standard_error":56175.46314815656}}