{"mean":{"confidence_interval":{"confidence_level":0.95,"lower_bound":3685541.1757142856,"upper_bound":3967559.5241428576},"point_estimate":3824380.3557142853,"standard_error":71908.3770767149},"median":{"confidence_interval":{"confidence_level":0.95,"lower_bound":3619529.8928571427,"upper_bound":3953858.4285714286},"point_estimate":3830352.0,"standard_error":83217.4863862413},"median_abs_dev":{"confidence_interval":{"confidence_level":0.95,"lower_bound":574101.3633076639,"upper_bound":930612.0655283325},"point_estimate":799413.7757075685,"standard_error":94554.20549876717},"slope":null,"std_dev":{"confidence_interval":{"confidence_level":0.95,"lower_bound":621332.273490504,"upper_bound":813410.3587879518},"point_estimate":722290.6184462198,"standard_error":49075.12844216888}}