{"mean":{"confidence_interval":{"confidence_level":0.95,"lower_bound":-0.11366840077076346,"upper_bound":0.04880994484862551},"point_estimate":-0.0336306069082577,"standard_error":0.041878504032781184},"median":{"confidence_interval":{"confidence_level":0.95,"lower_bound":-0.15444417115654474,"upper_bound":0.10257881805024363},"point_estimate":-0.03586771077847417,"standard_error":0.07259758620370531}}