{"mean":{"confidence_interval":{"confidence_level":0.95,"lower_bound":0.0038711851308321525,"upper_bound":0.03019009621347932},"point_estimate":0.01701211436460892,"standard_error":0.006685476860873104},"median":{"confidence_interval":{"confidence_level":0.95,"lower_bound":0.01227843673625717,"upper_bound":0.0293538788995231},"point_estimate":0.021449757912275658,"standard_error":0.004566847807863534}}