{"mean":{"confidence_interval":{"confidence_level":0.95,"lower_bound":5118161.342568182,"upper_bound":5222412.614409093},"point_estimate":5168675.444545455,"standard_error":26573.25430696198},"median":{"confidence_interval":{"confidence_level":0.95,"lower_bound":5001975.863636363,"upper_bound":5105463.454545454},"point_estimate":5031021.727272727,"standard_error":25251.642275088194},"median_abs_dev":{"confidence_interval":{"confidence_level":0.95,"lower_bound":76804.67642735277,"upper_bound":223163.84584714074},"point_estimate":119055.54091361386,"standard_error":36858.288019624815},"slope":null,"std_dev":{"confidence_interval":{"confidence_level":0.95,"lower_bound":219955.350359044,"upper_bound":310248.1090901459},"point_estimate":268533.02965441626,"standard_error":23054.7000704057}}