{"mean":{"confidence_interval":{"confidence_level":0.95,"lower_bound":-0.006238208367060259,"upper_bound":0.023598173202816375},"point_estimate":0.008187095402093947,"standard_error":0.007616257971935707},"median":{"confidence_interval":{"confidence_level":0.95,"lower_bound":-0.010081849753963442,"upper_bound":0.028501024914329376},"point_estimate":0.00887331499242694,"standard_error":0.009873627909133358}}