{"mean":{"confidence_interval":{"confidence_level":0.95,"lower_bound":0.0825521522346924,"upper_bound":0.31064869448984384},"point_estimate":0.18994317549146555,"standard_error":0.05855581889453184},"median":{"confidence_interval":{"confidence_level":0.95,"lower_bound":-0.06409160224689603,"upper_bound":0.43665506565948786},"point_estimate":0.22557305946002337,"standard_error":0.1439813466210577}}