{"mean":{"confidence_interval":{"confidence_level":0.95,"lower_bound":5406681.581875,"upper_bound":5533414.824824998},"point_estimate":5467721.494999999,"standard_error":32370.175305364315},"median":{"confidence_interval":{"confidence_level":0.95,"lower_bound":5279256.6,"upper_bound":5400345.85},"point_estimate":5363213.95,"standard_error":37712.98584094852},"median_abs_dev":{"confidence_interval":{"confidence_level":0.95,"lower_bound":135159.44748043988,"upper_bound":318023.92127394705},"point_estimate":219592.32990145683,"standard_error":47916.251225464875},"slope":null,"std_dev":{"confidence_interval":{"confidence_level":0.95,"lower_bound":264345.370566395,"upper_bound":382493.34525048063},"point_estimate":325061.955368883,"standard_error":30247.997016749858}}