{"mean":{"confidence_interval":{"confidence_level":0.95,"lower_bound":5267669.0079000015,"upper_bound":5365652.632425002},"point_estimate":5315173.3560000025,"standard_error":24997.132580133897},"median":{"confidence_interval":{"confidence_level":0.95,"lower_bound":5171899.2,"upper_bound":5229650.8},"point_estimate":5191382.6,"standard_error":16218.498743432288},"median_abs_dev":{"confidence_interval":{"confidence_level":0.95,"lower_bound":71816.99446499403,"upper_bound":155476.03382974849},"point_estimate":100505.74873566655,"standard_error":21872.395955586613},"slope":null,"std_dev":{"confidence_interval":{"confidence_level":0.95,"lower_bound":210238.32587664924,"upper_bound":281891.40167847456},"point_estimate":250635.26153585003,"standard_error":18241.58934045674}}