{"mean":{"confidence_interval":{"confidence_level":0.95,"lower_bound":2633498.9498382355,"upper_bound":2863815.285176472},"point_estimate":2748112.392352941,"standard_error":58860.207621810514},"median":{"confidence_interval":{"confidence_level":0.95,"lower_bound":2659705.176470588,"upper_bound":2926525.882352941},"point_estimate":2696372.3529411764,"standard_error":90285.41282670763},"median_abs_dev":{"confidence_interval":{"confidence_level":0.95,"lower_bound":441226.9096523918,"upper_bound":749009.8991553567},"point_estimate":523691.5501261458,"standard_error":80926.03493909123},"slope":null,"std_dev":{"confidence_interval":{"confidence_level":0.95,"lower_bound":508896.69465979055,"upper_bound":671148.4511070594},"point_estimate":593669.0691434877,"standard_error":41313.655259663574}}