{"mean":{"confidence_interval":{"confidence_level":0.95,"lower_bound":-0.02819525312967166,"upper_bound":-0.00015436226386506436},"point_estimate":-0.014595437371050735,"standard_error":0.007131019310499741},"median":{"confidence_interval":{"confidence_level":0.95,"lower_bound":-0.040550214125340545,"upper_bound":-0.002839567020966105},"point_estimate":-0.016451485835720203,"standard_error":0.010582266440015363}}