{"mean":{"confidence_interval":{"confidence_level":0.95,"lower_bound":-0.043746722799276605,"upper_bound":0.13798558443250045},"point_estimate":0.03962322037523203,"standard_error":0.046691582561850124},"median":{"confidence_interval":{"confidence_level":0.95,"lower_bound":-0.009767201044523048,"upper_bound":0.1852175868428214},"point_estimate":0.13113857516121596,"standard_error":0.05615253103206555}}