{"mean":{"confidence_interval":{"confidence_level":0.95,"lower_bound":5174872.352124999,"upper_bound":5254904.594999998},"point_estimate":5213160.440999998,"standard_error":20405.982606510934},"median":{"confidence_interval":{"confidence_level":0.95,"lower_bound":5124513.2,"upper_bound":5164565.0},"point_estimate":5141853.35,"standard_error":11538.94541202566},"median_abs_dev":{"confidence_interval":{"confidence_level":0.95,"lower_bound":64257.587849200325,"upper_bound":122904.35022801244},"point_estimate":85791.16638690178,"standard_error":15259.694084253482},"slope":null,"std_dev":{"confidence_interval":{"confidence_level":0.95,"lower_bound":161194.08369892114,"upper_bound":241793.94192717463},"point_estimate":205631.92105942726,"standard_error":20492.700046391707}}