{"mean":{"confidence_interval":{"confidence_level":0.95,"lower_bound":2165570.303000001,"upper_bound":2403839.996424999},"point_estimate":2285961.6784999995,"standard_error":60843.986423772556},"median":{"confidence_interval":{"confidence_level":0.95,"lower_bound":2213965.375,"upper_bound":2363189.9749999996},"point_estimate":2328752.625,"standard_error":36172.066798865315},"median_abs_dev":{"confidence_interval":{"confidence_level":0.95,"lower_bound":407040.63216358447,"upper_bound":775755.9067475798},"point_estimate":691102.2281254829,"standard_error":125499.20994441501},"slope":null,"std_dev":{"confidence_interval":{"confidence_level":0.95,"lower_bound":515572.2005368958,"upper_bound":699207.2641978863},"point_estimate":610714.7364909069,"standard_error":46948.50193005165}}