{"mean":{"confidence_interval":{"confidence_level":0.95,"lower_bound":3103795.77509375,"upper_bound":3366260.1625},"point_estimate":3234349.79625,"standard_error":67185.2304666625},"median":{"confidence_interval":{"confidence_level":0.95,"lower_bound":3079293.09375,"upper_bound":3426486.9375},"point_estimate":3144667.6875,"standard_error":87559.86921336356},"median_abs_dev":{"confidence_interval":{"confidence_level":0.95,"lower_bound":498952.06390433013,"upper_bound":863281.2703236938},"point_estimate":729916.9085601345,"standard_error":109147.45006100649},"slope":null,"std_dev":{"confidence_interval":{"confidence_level":0.95,"lower_bound":590935.9511276087,"upper_bound":747180.9858383181},"point_estimate":674553.9593022324,"standard_error":39908.97784284015}}