{"mean":{"confidence_interval":{"confidence_level":0.95,"lower_bound":-0.05046245256793889,"upper_bound":0.06847267923568175},"point_estimate":0.006040059820852095,"standard_error":0.03047205942007647},"median":{"confidence_interval":{"confidence_level":0.95,"lower_bound":-0.040175867992218506,"upper_bound":0.10237971862835127},"point_estimate":0.0024066508692937028,"standard_error":0.04032500892249211}}