{"mean":{"confidence_interval":{"confidence_level":0.95,"lower_bound":-0.22407309668189135,"upper_bound":-0.07937070890577401},"point_estimate":-0.15517423414935927,"standard_error":0.036949665752201544},"median":{"confidence_interval":{"confidence_level":0.95,"lower_bound":-0.2616086147774611,"upper_bound":-0.0458169546927889},"point_estimate":-0.1454912847323947,"standard_error":0.05779048755886433}}