{"mean":{"confidence_interval":{"confidence_level":0.95,"lower_bound":-0.15007976435226153,"upper_bound":0.018279233485728352},"point_estimate":-0.06954108533908676,"standard_error":0.0430061704853895},"median":{"confidence_interval":{"confidence_level":0.95,"lower_bound":-0.18004992144319462,"upper_bound":-0.001878863911296299},"point_estimate":-0.03614858586245007,"standard_error":0.05349197838121379}}