{"mean":{"confidence_interval":{"confidence_level":0.95,"lower_bound":-0.06112296552490862,"upper_bound":0.04941073601096727},"point_estimate":-0.006100685504761283,"standard_error":0.028136917671028907},"median":{"confidence_interval":{"confidence_level":0.95,"lower_bound":-0.04660171862741558,"upper_bound":0.06283422275277384},"point_estimate":0.03328013213547498,"standard_error":0.029386864837667392}}