{"mean":{"confidence_interval":{"confidence_level":0.95,"lower_bound":-0.13830977002584932,"upper_bound":-0.005924584096951823},"point_estimate":-0.07410562150716948,"standard_error":0.03381759159517371},"median":{"confidence_interval":{"confidence_level":0.95,"lower_bound":-0.1447907257885475,"upper_bound":-0.00925397979254266},"point_estimate":-0.12065171472254899,"standard_error":0.043487732091476404}}