{"mean":{"confidence_interval":{"confidence_level":0.95,"lower_bound":-0.03919027166451472,"upper_bound":0.11865804475302127},"point_estimate":0.0338657049926514,"standard_error":0.04065984304733737},"median":{"confidence_interval":{"confidence_level":0.95,"lower_bound":-0.0619409743742978,"upper_bound":0.17401470794459906},"point_estimate":0.03544247670858236,"standard_error":0.05202353355165569}}