{"mean":{"confidence_interval":{"confidence_level":0.95,"lower_bound":-0.15329144464965205,"upper_bound":-0.02845225942452037},"point_estimate":-0.09341668564922101,"standard_error":0.03199678477946817},"median":{"confidence_interval":{"confidence_level":0.95,"lower_bound":-0.20133917404483492,"upper_bound":-0.0001472671897664483},"point_estimate":-0.13573504032019446,"standard_error":0.058110471497163134}}