{"mean":{"confidence_interval":{"confidence_level":0.95,"lower_bound":1666661.8827272719,"upper_bound":1876953.3250681811},"point_estimate":1771879.224545455,"standard_error":53502.26697453013},"median":{"confidence_interval":{"confidence_level":0.95,"lower_bound":1598323.4545454546,"upper_bound":1910041.3636363635},"point_estimate":1817380.8863636362,"standard_error":93717.5699628052},"median_abs_dev":{"confidence_interval":{"confidence_level":0.95,"lower_bound":426490.5040464618,"upper_bound":721849.5893073351},"point_estimate":640733.8828065175,"standard_error":73295.23534417762},"slope":null,"std_dev":{"confidence_interval":{"confidence_level":0.95,"lower_bound":475999.31104000704,"upper_bound":587287.128797456},"point_estimate":535422.6743664744,"standard_error":28375.829079062787}}