{"mean":{"confidence_interval":{"confidence_level":0.95,"lower_bound":2267086.4673823523,"upper_bound":2505313.7891617646},"point_estimate":2386721.471764706,"standard_error":60837.627788363505},"median":{"confidence_interval":{"confidence_level":0.95,"lower_bound":2165615.705882353,"upper_bound":2484206.529411765},"point_estimate":2431366.382352941,"standard_error":90084.09363097782},"median_abs_dev":{"confidence_interval":{"confidence_level":0.95,"lower_bound":467133.76238907105,"upper_bound":856603.4438157782},"point_estimate":524954.507274312,"standard_error":143948.2665004046},"slope":null,"std_dev":{"confidence_interval":{"confidence_level":0.95,"lower_bound":534980.6993481187,"upper_bound":684062.2309616304},"point_estimate":613236.375622685,"standard_error":38029.95219454556}}