{"mean":{"confidence_interval":{"confidence_level":0.95,"lower_bound":-0.015446152746146672,"upper_bound":0.0018065232657283315},"point_estimate":-0.006653545414586515,"standard_error":0.00442337676700744},"median":{"confidence_interval":{"confidence_level":0.95,"lower_bound":-0.01664700616885589,"upper_bound":-0.003951567064719885},"point_estimate":-0.011190575287409521,"standard_error":0.003185554333271004}}