{"mean":{"confidence_interval":{"confidence_level":0.95,"lower_bound":-0.03328755727267153,"upper_bound":-0.002113380823765518},"point_estimate":-0.017559109282899277,"standard_error":0.007922289487569583},"median":{"confidence_interval":{"confidence_level":0.95,"lower_bound":-0.038764692302482806,"upper_bound":0.006803702587522276},"point_estimate":-0.018323793266130317,"standard_error":0.011336746403864223}}