{"mean":{"confidence_interval":{"confidence_level":0.95,"lower_bound":2186749.6381125003,"upper_bound":2420714.9620875013},"point_estimate":2303373.4295,"standard_error":59656.7193525925},"median":{"confidence_interval":{"confidence_level":0.95,"lower_bound":2241176.85,"upper_bound":2477511.775},"point_estimate":2312513.7,"standard_error":49033.65035812529},"median_abs_dev":{"confidence_interval":{"confidence_level":0.95,"lower_bound":390663.3880743384,"upper_bound":754587.1589983999},"point_estimate":509866.6869230565,"standard_error":106608.87684242915},"slope":null,"std_dev":{"confidence_interval":{"confidence_level":0.95,"lower_bound":514450.6031646839,"upper_bound":675918.0395199665},"point_estimate":599744.8172390292,"standard_error":41196.234950785794}}