{"mean":{"confidence_interval":{"confidence_level":0.95,"lower_bound":1856156.8066666669,"upper_bound":2048547.581178571},"point_estimate":1952878.5219047624,"standard_error":49157.01802352919},"median":{"confidence_interval":{"confidence_level":0.95,"lower_bound":1800328.2857142857,"upper_bound":2069435.619047619},"point_estimate":2032465.0,"standard_error":90190.25784064445},"median_abs_dev":{"confidence_interval":{"confidence_level":0.95,"lower_bound":374906.2202440842,"upper_bound":698111.8849060364},"point_estimate":426693.2961246798,"standard_error":80497.91888259175},"slope":null,"std_dev":{"confidence_interval":{"confidence_level":0.95,"lower_bound":426059.2910168299,"upper_bound":554428.5716474276},"point_estimate":493751.8156480829,"standard_error":32935.67583640138}}