{"mean":{"confidence_interval":{"confidence_level":0.95,"lower_bound":2060634.2536617643,"upper_bound":2347950.0020294124},"point_estimate":2204372.4523529415,"standard_error":73572.71744165668},"median":{"confidence_interval":{"confidence_level":0.95,"lower_bound":1982282.6470588236,"upper_bound":2338947.294117647},"point_estimate":2233256.970588235,"standard_error":83006.61462713408},"median_abs_dev":{"confidence_interval":{"confidence_level":0.95,"lower_bound":492645.86307143443,"upper_bound":1039976.7284778989},"point_estimate":892386.8226922608,"standard_error":168851.16358825396},"slope":null,"std_dev":{"confidence_interval":{"confidence_level":0.95,"lower_bound":648962.1998005594,"upper_bound":818516.9948455604},"point_estimate":739261.6429121342,"standard_error":43116.12265885393}}