{"mean":{"confidence_interval":{"confidence_level":0.95,"lower_bound":-0.03550360367311467,"upper_bound":0.12585611980597525},"point_estimate":0.041649063386578034,"standard_error":0.04119992507841455},"median":{"confidence_interval":{"confidence_level":0.95,"lower_bound":-0.016495397500630782,"upper_bound":0.16984642933754746},"point_estimate":0.10293356890423988,"standard_error":0.05600400531079269}}