{"mean":{"confidence_interval":{"confidence_level":0.95,"lower_bound":-0.02358734459159664,"upper_bound":0.0013894168238642963},"point_estimate":-0.011157923742251219,"standard_error":0.006344242808190915},"median":{"confidence_interval":{"confidence_level":0.95,"lower_bound":-0.024474164250043895,"upper_bound":-0.007493281683458974},"point_estimate":-0.01540182596714501,"standard_error":0.004122627476164478}}