{"mean":{"confidence_interval":{"confidence_level":0.95,"lower_bound":2005070.7346944443,"upper_bound":2274388.984736111},"point_estimate":2138267.604444444,"standard_error":68722.680269158},"median":{"confidence_interval":{"confidence_level":0.95,"lower_bound":1904086.8333333333,"upper_bound":2153945.722222222},"point_estimate":2095628.611111111,"standard_error":50159.87538416616},"median_abs_dev":{"confidence_interval":{"confidence_level":0.95,"lower_bound":452561.50043209386,"upper_bound":891843.8882832726},"point_estimate":766668.2607889177,"standard_error":155080.8390606169},"slope":null,"std_dev":{"confidence_interval":{"confidence_level":0.95,"lower_bound":584710.8329875013,"upper_bound":792757.246623563},"point_estimate":690093.8315293698,"standard_error":53075.84766399898}}