{"mean":{"confidence_interval":{"confidence_level":0.95,"lower_bound":1731732.5880999994,"upper_bound":2023512.4327874999},"point_estimate":1875455.5265000004,"standard_error":74409.60662845372},"median":{"confidence_interval":{"confidence_level":0.95,"lower_bound":1621987.4,"upper_bound":1992646.175},"point_estimate":1852769.6,"standard_error":100679.82732817694},"median_abs_dev":{"confidence_interval":{"confidence_level":0.95,"lower_bound":503253.5868054627,"upper_bound":951283.771636337},"point_estimate":744293.0226011574,"standard_error":96215.51871868597},"slope":null,"std_dev":{"confidence_interval":{"confidence_level":0.95,"lower_bound":641974.5568814134,"upper_bound":837470.7018460238},"point_estimate":744460.7852443384,"standard_error":49922.37622490198}}