{"mean":{"confidence_interval":{"confidence_level":0.95,"lower_bound":-0.0014835240170912199,"upper_bound":0.11320731223347945},"point_estimate":0.05421457454478551,"standard_error":0.02910408410151089},"median":{"confidence_interval":{"confidence_level":0.95,"lower_bound":-0.025382761390189357,"upper_bound":0.11621678562712501},"point_estimate":0.06960427172587602,"standard_error":0.03731376816962421}}