{"mean":{"confidence_interval":{"confidence_level":0.95,"lower_bound":5427147.800400001,"upper_bound":5544756.894974998},"point_estimate":5486177.750999999,"standard_error":30101.336700386575},"median":{"confidence_interval":{"confidence_level":0.95,"lower_bound":5432344.8,"upper_bound":5593608.6},"point_estimate":5517447.9,"standard_error":43317.55697670842},"median_abs_dev":{"confidence_interval":{"confidence_level":0.95,"lower_bound":217056.91715396947,"upper_bound":395093.6191856861},"point_estimate":291324.29725795955,"standard_error":45885.3971089475},"slope":null,"std_dev":{"confidence_interval":{"confidence_level":0.95,"lower_bound":266901.9246437107,"upper_bound":334462.7402811456},"point_estimate":302809.3625796138,"standard_error":17287.012149100974}}