{"mean":{"confidence_interval":{"confidence_level":0.95,"lower_bound":1807863.1099999996,"upper_bound":2044960.4517738088},"point_estimate":1926680.888095237,"standard_error":60453.85456506628},"median":{"confidence_interval":{"confidence_level":0.95,"lower_bound":1729957.1904761905,"upper_bound":2070833.8333333335},"point_estimate":1958748.0714285714,"standard_error":80991.90756223917},"median_abs_dev":{"confidence_interval":{"confidence_level":0.95,"lower_bound":440286.831683346,"upper_bound":726011.3806107215},"point_estimate":658336.763412186,"standard_error":76946.83158379866},"slope":null,"std_dev":{"confidence_interval":{"confidence_level":0.95,"lower_bound":510826.07544250117,"upper_bound":699607.5095801925},"point_estimate":607775.7646581071,"standard_error":48394.204880921556}}