{"mean":{"confidence_interval":{"confidence_level":0.95,"lower_bound":-0.06593261497720401,"upper_bound":0.036231481716745964},"point_estimate":-0.015074608182558458,"standard_error":0.02606706591258661},"median":{"confidence_interval":{"confidence_level":0.95,"lower_bound":-0.09318958798806154,"upper_bound":0.04429989624554098},"point_estimate":-0.06442205162062042,"standard_error":0.03831238010713175}}