{"mean":{"confidence_interval":{"confidence_level":0.95,"lower_bound":1773343.350825,"upper_bound":1988541.3149999997},"point_estimate":1881021.2279999992,"standard_error":54772.78837731189},"median":{"confidence_interval":{"confidence_level":0.95,"lower_bound":1804583.6,"upper_bound":1992300.9},"point_estimate":1858277.9,"standard_error":45818.66578574135},"median_abs_dev":{"confidence_interval":{"confidence_level":0.95,"lower_bound":383746.0213771461,"upper_bound":588647.0086844267},"point_estimate":445568.84648457146,"standard_error":50106.33380142498},"slope":null,"std_dev":{"confidence_interval":{"confidence_level":0.95,"lower_bound":462563.49976442737,"upper_bound":627047.7428964097},"point_estimate":548842.668050484,"standard_error":42159.22906704506}}