{"mean":{"confidence_interval":{"confidence_level":0.95,"lower_bound":5630162.0864,"upper_bound":5781935.540000001},"point_estimate":5705223.682999997,"standard_error":38710.23364599735},"median":{"confidence_interval":{"confidence_level":0.95,"lower_bound":5562061.3,"upper_bound":5842888.65},"point_estimate":5721857.0,"standard_error":71121.24654061695},"median_abs_dev":{"confidence_interval":{"confidence_level":0.95,"lower_bound":330336.5434053536,"upper_bound":542967.7699103951},"point_estimate":453770.1076939702,"standard_error":52331.67652213124},"slope":null,"std_dev":{"confidence_interval":{"confidence_level":0.95,"lower_bound":330101.5142374035,"upper_bound":452084.4555560814},"point_estimate":390660.4187900969,"standard_error":31318.60074560164}}