{"mean":{"confidence_interval":{"confidence_level":0.95,"lower_bound":1828684.466,"upper_bound":2023803.0195238104},"point_estimate":1926349.0371428577,"standard_error":49866.1294959297},"median":{"confidence_interval":{"confidence_level":0.95,"lower_bound":1795909.5238095238,"upper_bound":2037088.380952381},"point_estimate":2001622.761904762,"standard_error":97653.42899006348},"median_abs_dev":{"confidence_interval":{"confidence_level":0.95,"lower_bound":359614.29581557,"upper_bound":656735.8484306076},"point_estimate":450227.09970687114,"standard_error":77344.56582137947},"slope":null,"std_dev":{"confidence_interval":{"confidence_level":0.95,"lower_bound":431146.22542540653,"upper_bound":562502.7255319479},"point_estimate":500544.7912553282,"standard_error":33589.739241215255}}