{"mean":{"confidence_interval":{"confidence_level":0.95,"lower_bound":5100532.317025,"upper_bound":5166653.504249999},"point_estimate":5132452.851,"standard_error":16752.84381330781},"median":{"confidence_interval":{"confidence_level":0.95,"lower_bound":5052024.2,"upper_bound":5096867.1},"point_estimate":5061087.65,"standard_error":11633.96531118512},"median_abs_dev":{"confidence_interval":{"confidence_level":0.95,"lower_bound":78657.1177035577,"upper_bound":146650.93161642578},"point_estimate":107855.81223517656,"standard_error":16851.332628019158},"slope":null,"std_dev":{"confidence_interval":{"confidence_level":0.95,"lower_bound":134673.3731866655,"upper_bound":200800.89501517193},"point_estimate":169571.0389935969,"standard_error":16910.260700804727}}