{"mean":{"confidence_interval":{"confidence_level":0.95,"lower_bound":5163138.783636362,"upper_bound":5279166.450249998},"point_estimate":5220163.0699999975,"standard_error":29652.696550603898},"median":{"confidence_interval":{"confidence_level":0.95,"lower_bound":5035799.090909091,"upper_bound":5185403.181818182},"point_estimate":5107726.454545455,"standard_error":39793.4793378285},"median_abs_dev":{"confidence_interval":{"confidence_level":0.95,"lower_bound":138750.1294003289,"upper_bound":330012.05281429645},"point_estimate":238756.88889758178,"standard_error":50816.33755710559},"slope":null,"std_dev":{"confidence_interval":{"confidence_level":0.95,"lower_bound":251632.54011954804,"upper_bound":338121.44509651733},"point_estimate":297355.1866995347,"standard_error":22077.251153771165}}