{"mean":{"confidence_interval":{"confidence_level":0.95,"lower_bound":1995852.2857647059,"upper_bound":2282205.2963529415},"point_estimate":2138763.520588234,"standard_error":73321.23900664512},"median":{"confidence_interval":{"confidence_level":0.95,"lower_bound":1854685.5588235294,"upper_bound":2397689.6470588236},"point_estimate":2144511.970588235,"standard_error":161279.75032123044},"median_abs_dev":{"confidence_interval":{"confidence_level":0.95,"lower_bound":599322.2016187274,"upper_bound":972531.1625929442},"point_estimate":893625.4913643877,"standard_error":91529.73191050114},"slope":null,"std_dev":{"confidence_interval":{"confidence_level":0.95,"lower_bound":648052.5709179537,"upper_bound":813262.1485095387},"point_estimate":735177.2542279452,"standard_error":42125.563884347765}}