{"mean":{"confidence_interval":{"confidence_level":0.95,"lower_bound":5083822.956000001,"upper_bound":5170139.05},"point_estimate":5125152.439,"standard_error":22203.089370563},"median":{"confidence_interval":{"confidence_level":0.95,"lower_bound":5009259.3,"upper_bound":5040632.2},"point_estimate":5021989.85,"standard_error":8458.498628725882},"median_abs_dev":{"confidence_interval":{"confidence_level":0.95,"lower_bound":49371.846746475036,"upper_bound":98108.6810982226},"point_estimate":75902.5210824606,"standard_error":12994.75578701721},"slope":null,"std_dev":{"confidence_interval":{"confidence_level":0.95,"lower_bound":175664.37037139537,"upper_bound":264781.86007765675},"point_estimate":223646.2261379625,"standard_error":22802.365430241625}}