{"mean":{"confidence_interval":{"confidence_level":0.95,"lower_bound":1938592.7085714284,"upper_bound":2155883.6480595227},"point_estimate":2045935.1466666663,"standard_error":55125.26369469763},"median":{"confidence_interval":{"confidence_level":0.95,"lower_bound":1812690.6666666667,"upper_bound":2066274.0},"point_estimate":2033903.6666666665,"standard_error":61252.5389799863},"median_abs_dev":{"confidence_interval":{"confidence_level":0.95,"lower_bound":392980.13762320793,"upper_bound":740842.8518474102},"point_estimate":699995.1398726018,"standard_error":122254.70007542704},"slope":null,"std_dev":{"confidence_interval":{"confidence_level":0.95,"lower_bound":476888.1488788875,"upper_bound":619775.7869315288},"point_estimate":552621.7465027665,"standard_error":36478.220107596244}}