{"mean":{"confidence_interval":{"confidence_level":0.95,"lower_bound":5150179.279,"upper_bound":5248610.556125},"point_estimate":5197368.027,"standard_error":25206.11553770666},"median":{"confidence_interval":{"confidence_level":0.95,"lower_bound":5062703.15,"upper_bound":5093717.1},"point_estimate":5077156.2,"standard_error":7324.217738873797},"median_abs_dev":{"confidence_interval":{"confidence_level":0.95,"lower_bound":55836.04934871252,"upper_bound":110503.14274817718},"point_estimate":76499.48996186284,"standard_error":14665.1202609726},"slope":null,"std_dev":{"confidence_interval":{"confidence_level":0.95,"lower_bound":208947.17374509072,"upper_bound":290909.2066648154},"point_estimate":253857.86050165343,"standard_error":20959.503613987596}}