{"mean":{"confidence_interval":{"confidence_level":0.95,"lower_bound":5366895.324,"upper_bound":5483379.109700001},"point_estimate":5424242.887,"standard_error":29719.267250767698},"median":{"confidence_interval":{"confidence_level":0.95,"lower_bound":5228930.8,"upper_bound":5384316.8},"point_estimate":5289905.75,"standard_error":42920.403173335224},"median_abs_dev":{"confidence_interval":{"confidence_level":0.95,"lower_bound":120848.65123450728,"upper_bound":332452.6583477848},"point_estimate":207045.08632421494,"standard_error":57568.32832805019},"slope":null,"std_dev":{"confidence_interval":{"confidence_level":0.95,"lower_bound":260412.8172239827,"upper_bound":331658.94416662055},"point_estimate":298627.5512244001,"standard_error":18148.754514538352}}