{"mean":{"confidence_interval":{"confidence_level":0.95,"lower_bound":-0.03964959006619944,"upper_bound":0.005310204491692013},"point_estimate":-0.014127944081784194,"standard_error":0.011650317866022705},"median":{"confidence_interval":{"confidence_level":0.95,"lower_bound":-0.013851680906814545,"upper_bound":-0.0032368325661500386},"point_estimate":-0.007298456519930441,"standard_error":0.0026255133139799374}}