{"mean":{"confidence_interval":{"confidence_level":0.95,"lower_bound":-0.004055749989231685,"upper_bound":0.024264944957854695},"point_estimate":0.009704127642097049,"standard_error":0.007204655674028108},"median":{"confidence_interval":{"confidence_level":0.95,"lower_bound":-0.00817513931331082,"upper_bound":0.01613454532449521},"point_estimate":-0.00035022814503726796,"standard_error":0.006087110850270766}}