{"mean":{"confidence_interval":{"confidence_level":0.95,"lower_bound":5302541.893999999,"upper_bound":5420748.967624998},"point_estimate":5359269.845,"standard_error":29988.801263987483},"median":{"confidence_interval":{"confidence_level":0.95,"lower_bound":5178898.9,"upper_bound":5251533.7},"point_estimate":5209945.4,"standard_error":19011.51499246354},"median_abs_dev":{"confidence_interval":{"confidence_level":0.95,"lower_bound":74759.95541274603,"upper_bound":190656.12969517682},"point_estimate":121398.02865475499,"standard_error":29416.55616983195},"slope":null,"std_dev":{"confidence_interval":{"confidence_level":0.95,"lower_bound":249559.54206623638,"upper_bound":340704.6491069756},"point_estimate":298896.8392483953,"standard_error":23215.33550427456}}