{"mean":{"confidence_interval":{"confidence_level":0.95,"lower_bound":-0.02907790634184726,"upper_bound":0.13786955115424088},"point_estimate":0.048810559755054994,"standard_error":0.042703751957224825},"median":{"confidence_interval":{"confidence_level":0.95,"lower_bound":-0.02945651898003654,"upper_bound":0.1699976254791553},"point_estimate":0.10741048062962788,"standard_error":0.06299585776447543}}