{"mean":{"confidence_interval":{"confidence_level":0.95,"lower_bound":0.004401553980137567,"upper_bound":0.036000309047704196},"point_estimate":0.020236273435863872,"standard_error":0.008121772660560899},"median":{"confidence_interval":{"confidence_level":0.95,"lower_bound":0.01082286042622349,"upper_bound":0.03874799824048525},"point_estimate":0.029418456093608825,"standard_error":0.007979600825613137}}