{"mean":{"confidence_interval":{"confidence_level":0.95,"lower_bound":5258172.255175001,"upper_bound":5358653.614049999},"point_estimate":5306032.799000002,"standard_error":25769.356002702607},"median":{"confidence_interval":{"confidence_level":0.95,"lower_bound":5182573.0,"upper_bound":5221983.3},"point_estimate":5199089.75,"standard_error":10928.433342505099},"median_abs_dev":{"confidence_interval":{"confidence_level":0.95,"lower_bound":62788.11444503707,"upper_bound":133880.55674314525},"point_estimate":88027.96496719163,"standard_error":17818.572217477322},"slope":null,"std_dev":{"confidence_interval":{"confidence_level":0.95,"lower_bound":200288.69243013035,"upper_bound":310286.5239999677},"point_estimate":259154.72785405908,"standard_error":28153.425629786474}}