{"mean":{"confidence_interval":{"confidence_level":0.95,"lower_bound":1868458.0226093752,"upper_bound":2144332.6738906247},"point_estimate":2005185.786875,"standard_error":70410.52758902946},"median":{"confidence_interval":{"confidence_level":0.95,"lower_bound":1719765.40625,"upper_bound":2061028.53125},"point_estimate":1926076.65625,"standard_error":115190.54073947087},"median_abs_dev":{"confidence_interval":{"confidence_level":0.95,"lower_bound":525577.6598503813,"upper_bound":956931.9678923115},"point_estimate":736917.0506671071,"standard_error":117626.29414662906},"slope":null,"std_dev":{"confidence_interval":{"confidence_level":0.95,"lower_bound":614430.2588159279,"upper_bound":791765.7126089685},"point_estimate":708878.7378298038,"standard_error":45249.8393129624}}