{"mean":{"confidence_interval":{"confidence_level":0.95,"lower_bound":2181850.948223684,"upper_bound":2421183.7306578956},"point_estimate":2300696.773684209,"standard_error":61192.502119164215},"median":{"confidence_interval":{"confidence_level":0.95,"lower_bound":2129025.0,"upper_bound":2417130.789473684},"point_estimate":2286814.6052631577,"standard_error":109551.78113714606},"median_abs_dev":{"confidence_interval":{"confidence_level":0.95,"lower_bound":419538.8836148536,"upper_bound":779034.4581009527},"point_estimate":597945.2885317175,"standard_error":117274.25379776215},"slope":null,"std_dev":{"confidence_interval":{"confidence_level":0.95,"lower_bound":515013.60853746574,"upper_bound":706893.8112861346},"point_estimate":614533.5859243402,"standard_error":49156.96692053478}}