{"mean":{"confidence_interval":{"confidence_level":0.95,"lower_bound":2028417.159058824,"upper_bound":2284236.9897794113},"point_estimate":2154996.89,"standard_error":65446.960067826294},"median":{"confidence_interval":{"confidence_level":0.95,"lower_bound":1947568.3235294118,"upper_bound":2232077.794117647},"point_estimate":2196584.705882353,"standard_error":64370.44063141783},"median_abs_dev":{"confidence_interval":{"confidence_level":0.95,"lower_bound":461372.8149501721,"upper_bound":892883.1448363909},"point_estimate":508151.06801969156,"standard_error":134557.63962500097},"slope":null,"std_dev":{"confidence_interval":{"confidence_level":0.95,"lower_bound":571194.41579284,"upper_bound":744191.3156730888},"point_estimate":662588.4983118365,"standard_error":44109.508021074165}}