{"mean":{"confidence_interval":{"confidence_level":0.95,"lower_bound":2734056.0403593746,"upper_bound":2999877.471421875},"point_estimate":2866433.193125,"standard_error":67752.98698815044},"median":{"confidence_interval":{"confidence_level":0.95,"lower_bound":2615073.78125,"upper_bound":2963949.40625},"point_estimate":2836562.59375,"standard_error":89092.0701346199},"median_abs_dev":{"confidence_interval":{"confidence_level":0.95,"lower_bound":540857.9374853522,"upper_bound":931793.7440386042},"point_estimate":788602.1536745131,"standard_error":102338.01627510191},"slope":null,"std_dev":{"confidence_interval":{"confidence_level":0.95,"lower_bound":596115.8296854905,"upper_bound":749697.1969452266},"point_estimate":677836.5231611719,"standard_error":39331.60530727812}}