{"mean":{"confidence_interval":{"confidence_level":0.95,"lower_bound":2188103.741925001,"upper_bound":2421079.028000001},"point_estimate":2304251.984000001,"standard_error":59542.626719840904},"median":{"confidence_interval":{"confidence_level":0.95,"lower_bound":2230582.25,"upper_bound":2501807.1},"point_estimate":2302181.7,"standard_error":90461.20608797099},"median_abs_dev":{"confidence_interval":{"confidence_level":0.95,"lower_bound":407429.02980531455,"upper_bound":722270.1119421421},"point_estimate":482721.4674849809,"standard_error":99713.98840170483},"slope":null,"std_dev":{"confidence_interval":{"confidence_level":0.95,"lower_bound":512062.8114940752,"upper_bound":679997.4845254747},"point_estimate":600512.2630163195,"standard_error":42836.82870892879}}