{"mean":{"confidence_interval":{"confidence_level":0.95,"lower_bound":2147523.2477941182,"upper_bound":2449725.5574852936},"point_estimate":2299234.24,"standard_error":77235.22263399059},"median":{"confidence_interval":{"confidence_level":0.95,"lower_bound":2048247.1764705882,"upper_bound":2529455.0},"point_estimate":2266424.2647058824,"standard_error":117832.30185375268},"median_abs_dev":{"confidence_interval":{"confidence_level":0.95,"lower_bound":724522.1006312789,"upper_bound":1073859.9309178218},"point_estimate":968873.0215814182,"standard_error":89704.66771473041},"slope":null,"std_dev":{"confidence_interval":{"confidence_level":0.95,"lower_bound":684183.3338755755,"upper_bound":864771.4627860268},"point_estimate":779254.1263659224,"standard_error":46010.31201571931}}