{"mean":{"confidence_interval":{"confidence_level":0.95,"lower_bound":5134278.632999999,"upper_bound":5185602.308000002},"point_estimate":5159067.371000001,"standard_error":13116.303476094437},"median":{"confidence_interval":{"confidence_level":0.95,"lower_bound":5101018.1,"upper_bound":5136355.3},"point_estimate":5119222.95,"standard_error":9252.73547320666},"median_abs_dev":{"confidence_interval":{"confidence_level":0.95,"lower_bound":64450.548235773764,"upper_bound":113630.53913265467},"point_estimate":86193.09923976687,"standard_error":12494.580106061798},"slope":null,"std_dev":{"confidence_interval":{"confidence_level":0.95,"lower_bound":102579.78061099625,"upper_bound":158847.53388462466},"point_estimate":130818.33531104263,"standard_error":14518.606235887015}}