{"mean":{"confidence_interval":{"confidence_level":0.95,"lower_bound":-0.09599067219922605,"upper_bound":0.03785891192264674},"point_estimate":-0.0325490721584164,"standard_error":0.03421234894351935},"median":{"confidence_interval":{"confidence_level":0.95,"lower_bound":-0.09552427250346052,"upper_bound":0.09879212548311567},"point_estimate":-0.002321434723624227,"standard_error":0.05361956464767524}}