{"mean":{"confidence_interval":{"confidence_level":0.95,"lower_bound":-0.12057600225720685,"upper_bound":0.01177983701575091},"point_estimate":-0.06118217910261459,"standard_error":0.03391368542450317},"median":{"confidence_interval":{"confidence_level":0.95,"lower_bound":-0.12508687868501756,"upper_bound":-0.006866047674094201},"point_estimate":-0.10157446799235104,"standard_error":0.041768001178038035}}