{"mean":{"confidence_interval":{"confidence_level":0.95,"lower_bound":-0.06411023669835939,"upper_bound":0.12378651375312795},"point_estimate":0.02613699100665179,"standard_error":0.04777542432122953},"median":{"confidence_interval":{"confidence_level":0.95,"lower_bound":-0.13394916857688266,"upper_bound":0.11742154431489937},"point_estimate":-0.0005195214318308716,"standard_error":0.06695185990165295}}