{"mean":{"confidence_interval":{"confidence_level":0.95,"lower_bound":-0.14712527387229257,"upper_bound":0.028636111246452295},"point_estimate":-0.06223814890747548,"standard_error":0.044778846419811724},"median":{"confidence_interval":{"confidence_level":0.95,"lower_bound":-0.18478992611784106,"upper_bound":0.030292637462502547},"point_estimate":-0.08090744417314188,"standard_error":0.06013769055772424}}