{"mean":{"confidence_interval":{"confidence_level":0.95,"lower_bound":1598594.57552381,"upper_bound":1812249.9455476187},"point_estimate":1705013.6666666663,"standard_error":54260.86482841223},"median":{"confidence_interval":{"confidence_level":0.95,"lower_bound":1496198.5714285714,"upper_bound":1692934.1666666667},"point_estimate":1665900.4285714286,"standard_error":45719.55679893059},"median_abs_dev":{"confidence_interval":{"confidence_level":0.95,"lower_bound":322480.98920981813,"upper_bound":699704.8547402554},"point_estimate":388228.26350757055,"standard_error":117269.7798399097},"slope":null,"std_dev":{"confidence_interval":{"confidence_level":0.95,"lower_bound":467832.22522148746,"upper_bound":618991.7631074372},"point_estimate":547822.3613090757,"standard_error":38367.83232805731}}